{"x":-0.624549150466919,"y":0.7927923798561096}